{
  "description": {
    "title": "",
    "text": ""
  },
  "links_1": {
    "list_pages": true,
    "title": "Páginas",
    "list": []
  },
  "links_2": {
    "list_categories": true,
    "title": "Categorias",
    "list": []
  },
  "contacts": {
    "title": "Contatos",
    "phone_wpp": true,
    "socials": true,
    "email": true,
    "address": true
  },
  "stamps": [
    {
      "src": "/img/uploads/selo_loja_protegida.png"
    }
  ],
  "payment_methods": {
    "visa": true,
    "boleto": true,
    "aura": true,
    "elo": true,
    "hipercard": true,
    "mastercard": true,
    "diners": true,
    "pix": true,
    "amex": false,
    "itau": true
  },
  "credits": ""
}