{
  "meta_title": "",
  "meta_description": "",
  "sections": [
    {
      "type": "banner-slider",
      "autoplay": 9000,
      "full_width": true,
      "slides": [
        {
          "start": "",
          "end": "",
          "img": "/img/uploads/0022.png",
          "mobile_img": "/img/uploads/0038.jpg"
        },
        {
          "start": "",
          "end": "",
          "img": "/img/uploads/0023.jpg",
          "mobile_img": "/img/uploads/0035.png"
        },
        {
          "start": "",
          "end": "",
          "img": "/img/uploads/0024.jpg",
          "mobile_img": "/img/uploads/0036.png"
        },
        {
          "start": "",
          "end": "",
          "img": "/img/uploads/0025.jpg",
          "mobile_img": "/img/uploads/0037.png"
        }
      ]
    },
    {
      "type": "info-bar",
      "enabled": true
    },
    {
      "type": "page-title",
      "title": "As melhores ofertas",
      "description": "As melhores promoções que você procura? Na COMANDO DIGITAL você encontra os melhores produtos com ofertas incríveis para Você e sua Casa!"
    },
    {
      "type": "collection-shelf",
      "shuffle": true,
      "collection_id": null,
      "sort": "offers",
      "title": "",
      "headless": true,
      "limit": 12,
      "page": 1
    },
    {
      "type": "responsive-banner",
      "img": "/img/uploads/1658237322_lenoxx.webp"
    },
    {
      "type": "page-title",
      "title": "Loja demo da E-Com Plus",
      "description": "Loja de demonstração e testes da plataforma E-Com Plus e Storefront. Todos os produtos, preços e informações são meramente ilustrativos."
    },
    {
      "type": "collection-shelf",
      "shuffle": true,
      "limit": 12,
      "page": 1,
      "headless": true
    },
    {
      "type": "responsive-banner",
      "img": "/img/uploads/1658236624_banner_fritadeiras.webp"
    },
    {
      "type": "banners-grid",
      "banners": [
        {
          "img": "/img/uploads/0035.png"
        },
        {
          "img": "/img/uploads/0037.png"
        },
        {
          "img": "/img/uploads/0038.jpg"
        }
      ]
    },
    {
      "type": "page-title",
      "title": "Loja demo da E-Com Plus",
      "description": "Loja de demonstração e testes da plataforma E-Com Plus e Storefront. Todos os produtos, preços e informações são meramente ilustrativos."
    },
    {
      "type": "collection-shelf",
      "shuffle": true,
      "limit": 12,
      "page": 1,
      "headless": true
    },
    {
      "type": "banners-grid",
      "banners": [
        {
          "img": "/img/uploads/0035.png"
        },
        {
          "img": "/img/uploads/0036.png"
        },
        {
          "img": "/img/uploads/0036.png"
        }
      ]
    },
    {
      "type": "page-title",
      "title": "Loja demo da E-Com Plus",
      "description": "Loja de demonstração e testes da plataforma E-Com Plus e Storefront. Todos os produtos, preços e informações são meramente ilustrativos."
    },
    {
      "type": "collection-shelf",
      "shuffle": true,
      "limit": 12,
      "page": 1,
      "headless": true
    },
    {
      "type": "responsive-banner",
      "img": "/img/uploads/1658234213_banner_g_gris_desk.webp"
    },
    {
      "type": "page-title"
    },
    {
      "type": "collection-shelf",
      "shuffle": true,
      "limit": 12,
      "page": 1,
      "headless": true,
      "sort": "sales",
      "collection_id": "63934e8373321213f80c7f42:collections:cASA:/casa"
    },
    {
      "type": "banners-grid",
      "banners": [
        {
          "img": "/img/uploads/banner-philips-walita-ri2113.jpg"
        },
        {
          "img": "/img/uploads/banner-oster-2.jpg"
        }
      ]
    }
  ]
}